,train,test
MSE,0.00031587135163135827,0.00016390441557768965
RMSE,0.017772769555449486,0.012802515986230584
MAE,0.010135269723832607,0.009263896900583617
MAPE,2207.32080078125,0.02879726069644603
