{"train":{"MSE":0.0003158714,"RMSE":0.0177727696,"MAE":0.0101352697,"MAPE":2207.3208007812},"test":{"MSE":0.0001639044,"RMSE":0.012802516,"MAE":0.0092638969,"MAPE":0.0287972607}}